[{"pk": 1, "model": "contenttypes.contenttype", "fields": {"model": "logentry", "name": "log entry", "app_label": "admin"}}, {"pk": 2, "model": "contenttypes.contenttype", "fields": {"model": "permission", "name": "permission", "app_label": "auth"}}, {"pk": 3, "model": "contenttypes.contenttype", "fields": {"model": "group", "name": "group", "app_label": "auth"}}, {"pk": 4, "model": "contenttypes.contenttype", "fields": {"model": "user", "name": "user", "app_label": "auth"}}, {"pk": 5, "model": "contenttypes.contenttype", "fields": {"model": "contenttype", "name": "content type", "app_label": "contenttypes"}}, {"pk": 6, "model": "contenttypes.contenttype", "fields": {"model": "session", "name": "session", "app_label": "sessions"}}, {"pk": 7, "model": "contenttypes.contenttype", "fields": {"model": "player", "name": "player", "app_label": "roster"}}, {"pk": 8, "model": "contenttypes.contenttype", "fields": {"model": "school", "name": "school", "app_label": "roster"}}, {"pk": 9, "model": "contenttypes.contenttype", "fields": {"model": "student", "name": "student", "app_label": "roster"}}, {"pk": 10, "model": "contenttypes.contenttype", "fields": {"model": "sport", "name": "sport", "app_label": "roster"}}, {"pk": 11, "model": "contenttypes.contenttype", "fields": {"model": "team", "name": "team", "app_label": "roster"}}, {"pk": "8cw4glh00je2cjsnr7383gu4uyb445q1", "model": "sessions.session", "fields": {"expire_date": "2014-03-16T19:31:16.414Z", "session_data": "MzU5NWFkNTJlNmFhMTcxYTJkMzExNzJkMGU0YWQ4ZjFkOGZjYTNhMTp7fQ=="}}, {"pk": "z6062bmipjuddizztdpdy90i2peweknv", "model": "sessions.session", "fields": {"expire_date": "2014-03-16T19:31:17.822Z", "session_data": "YjIxNTI3MDA4NGU1YTZkYjQ3YTcwYjBjNDBkYzJjNTVmNmMwMjU4OTp7Il9hdXRoX3VzZXJfYmFja2VuZCI6ImRqYW5nby5jb250cmliLmF1dGguYmFja2VuZHMuTW9kZWxCYWNrZW5kIiwiX2F1dGhfdXNlcl9pZCI6MX0="}}, {"pk": 1, "model": "roster.player", "fields": {"bio": "Freshman (2013)\r\n\r\nAppeared in 18 games off the bench as a freshman \u2022 Hit .222 and scored four runs \u2022 Got his first career hit against Stony Brook (2/23) \u2022 Also scored his first collegiate run later in the Stony Brook series (2/24) \u2022 Had a pinch-hit single against Miami (3/16). Summer 2013: Spent the summer with the Baltimore Redbirds of the Cal Ripken League and hit .209 in 41 games with two doubles, six RBIs and 10 stolen bases.\r\n\r\nCharlotte Latin High School\r\n\r\nRanked among the top 500 players in the country by Perfect Game and No. 35 in the state of North Carolina \u2022 Tabbed No. 26 in the state by Impact Baseball \u2022 Very accomplished in the classroom \u2022 Coached by Kim Cousar at Charlotte Latin School in Charlotte, N.C. \u2022 Four-year letterman at shortstop and second base \u2022 Also played football for Charlotte Latin from freshman through junior year as a wide receiver and running back \u2022 Named to the Headmaster's List all four years.\r\n\r\nPersonal\r\n\r\nMichael Hunter Massardo is the son of Mike and Lisa Massardo \u2022 Born in Woodcliff Lake, N.J. \u2022 Birthday is Nov. 25 \u2022 Has not declared a major at Carolina.", "photo": "images/avatars/NUEQZPPVOQUOFAL.20130826190718_1.jpg", "number": 1, "hand": "L/R", "student": 1, "team": 1, "position": "OF"}}, {"pk": 2, "model": "roster.player", "fields": {"bio": "Jordan High School\r\nRanked the No. 8 player in the state of North Carolina by Perfect Game and earned all-state honors in 2012 and 2013 in addition to being named the 2012 Pac 6 Player of the Year \u2022 Ranked No. 369 in the country according to Perfect Game and has been an all-region selection by Rawlings the last two years \u2022 Atlantic Region All-America team \u2022 Honor roll member \u2022 Coached by former Tar Heel Devy Bell at Jordan High School.\r\nPersonal\r\nJohn Woodley Myers is the son of Steve and Beth Myers \u2022 Birthday is Oct. 11 \u2022 Plans to major in exercise and sport science at Carolina.", "photo": "images/avatars/PAXXHVRGECZWTGK.20130826190754.jpg", "number": 4, "hand": "L/R", "student": 4, "team": 1, "position": "2B/SS"}}, {"pk": 3, "model": "roster.player", "fields": {"bio": "C.B. Aycock High School\r\nExtremely athletic, plus runner \u2022 Tools allow him to play all over the field \u2022 Ranked among the Top 500 players in the country by Perfect Game \u2022 Tabbed the No. 24 player in the state of North Carolina by Perfect Game \u2022 Earned PG Underclass High Honorable Mention in 2012 \u2022 2013 all-state selection and two-time all-conference pick \u2022 Conference player of the year as a senior \u2022 Honor Roll student \u2022 Member of National Honor Society \u2022 Student Body President \u2022 Coached by Charles Davis at Aycock High School.\r\nPersonal\r\nAdam Marshall Pate is the son of Chad and Tracey Pate \u2022 Birthday is Nov. 1 \u2022 Has not declared a major at Carolina.", "photo": "images/avatars/PHXVJMLKIDPNWUM.20130826190843.jpg", "number": 2, "hand": "R/R", "student": 2, "team": 1, "position": "OF"}}, {"pk": 4, "model": "roster.player", "fields": {"bio": "Chapel Hill High School\r\nGritty left-handed hitter with versatility on the infield \u2022 Ranked among the top 500 players in the county by Perfect Game \u2022 Tabbed the No. 64 player in the state of Georgia by Perfect Game \u2022 Earned PG Underclass High Honorable Mention in 2012 \u2022 Coached by Mick Harper at Chapel Hill High School.\r\nPersonal\r\nBrandon John Whiteford is the son of Dave and Debbie Whiteford \u2022 Father played college baseball \u2022 Birthday is Sept. 22 \u2022 Has not declared a major at Carolina.", "photo": "images/avatars/TIJTOZPPNSWDEIH.20130826191024.jpg", "number": 3, "hand": "L/R", "student": 3, "team": 1, "position": "OF/2B"}}, {"pk": 5, "model": "roster.player", "fields": {"bio": "Sophomore (2013)\r\nStarted 70 games primarily at shortstop, missing just one game all season \u2022 Hit .298 (79-265) with 39 RBIs and 56 runs scored \u2022 Racked up 10 doubles and three triples \u2022 Second on the team in stolen bases with 18 and first on the team in stolen base percentage, stealing successfully 90% of the time \u2022 Tallied 136 assists on the season, second most on the team \u2022 Tied for fewest strikeouts among regulars with just 22 on the year \u2022 Had 22 multi-hit games on year, including a 4-for-4 performance against Virginia (5/17) \u2022 Drove in three runs against NC State in the College World Series, including a two-run single that broke the game open late (6/20) \u2022 Made the NCAA Chapel Hill All-Regional Team after going 6 for 14 with five RBIs in six runs over four games (5/31-6/3) \u2022 Drove in a career-high five runs against The Citadel (5/1) \u2022 Went 6 for 11 with three doubles and three RBIs in the Miami series (3/15-17) \u2022 Made the Astros Foundation College Classic All-Tournament Team after driving in four runs in three games (3/1-3) \u2022 Summer 2013: Appeared in 26 games with the Chatham Anglers of the Cape Cod League \u2022 Hit .216 with 12 runs, two doubles, a home run and 11 RBIs \u2022 Tied for the team lead in stolen bases with 11.\r\nFreshman (2012)\r\nAppeared in 62 games with 62 starts, 32 in the outfield, 10 at third base and 20 at shortstop \u2022 Posted a .269 average (60-223), the fifth highest among consistent starters \u2022 Scored 40 runs and drove in 24 runs \u2022 Tallied 14 doubles and one triple \u2022 Stole 14 bases in 17 attempts, tying him at second on the team \u2022 Drew the third highest number of walks on the team with 36 \u2022 Notched a hit and RBI in his collegiate debut against Xavier (2/17) \u2022 Tallied two hits, both of which were doubles, and two RBIs in back-to-back games against Xavier (2/18) and Wright State (2/24) \u2022 Drew two walks on five different occasions over the season \u2022 Notched a season-high four hits against Virginia (4/13) \u2022 Scored three runs against Wright State (2/24) \u2022 Drove in three runs off two hits while scoring a run against Wake Forest (3/31) \u2022 Stole two bases and tallied one hit and one RBI against Princeton (3/20).\r\n\r\nHopewell High School\r\nCoached by Chuck Greeson and David Brown at Hopewell High School \u2022 Ranked the No. 16 player in North Carolina by Impact Baseball \u2022 Rated a top-1000 prospect by Perfect Game \u2022 Earned all-conference honors as a sophomore \u2022 Missed his junior season due to injury.\r\n\r\nPersonal \r\nMichael Joseph Russell is the son of John and Suzanne Russell \u2022 Born in Roswell, Ga. \u2022 Birthday is January 30 \u2022 Father is a member of the Massachusetts High School Basketball Hall of Fame \u2022 Majoring in management and society at Carolina.", "photo": "images/avatars/DMZIWJJHLYRXDIO.20130826190948.jpg", "number": 5, "hand": "R/R", "student": 5, "team": 1, "position": "SS"}}, {"pk": 6, "model": "roster.player", "fields": {"bio": "Freshman (2013)\r\n\r\nAppeared in 34 games with seven starts in the outfield \u2022 Hit .188 on the year with five RBIs and eight runs scored \u2022 Tallied two doubles and did not commit an error \u2022 Recorded his first career hit against Stony Brook (2/24) \u2022 Scored his first collegiate run and registered his first career RBI against Texas A&M (3/3) \u2022 Went 2 for 2 with two RBIs and two runs scored against Princeton (3/19). Summer 2013: Appeared in 27 games for the High Point-Thomasville Hi-Toms of the Coastal Plain League \u2022 Hit .160, had seven RBIs and scored 13 runs with one double.\r\n\r\nJordan High School\r\n\r\nRanked No. 414 in the nation by Perfect Game and No. 14 in the state of North Carolina \u2022 Rated No. 16 in the state by Impact Baseball \u2022 Coached by former Tar Heel Devy Bell (1984-87) at Jordan High School in Durham, N.C. \u2022 Named All-Conference four times and All-State twice \u2022 Team MVP sophomore and senior seasons \u2022 Conference Player of the Year as junior \u2022 16U WWBA National Champions with Canes baseball \u2022 Tournament of Stars participant \u2022 Also played football and basketball.\r\n\r\nPersonal\r\n\r\nAlexander Joseph Raburn is the son of Doug and Kay Raburn \u2022 Born in Durham, N.C. \u2022 Birthday is May 28 \u2022 Father played football at Hastings College in Nebraska \u2022 Has not declared a major at Carolina.", "photo": "images/avatars/KDTXHRLSTYONOEE.20130826190907.jpg", "number": 6, "hand": "R/R", "student": 6, "team": 1, "position": "INF/OF"}}, {"pk": 7, "model": "roster.player", "fields": {"bio": "Junior (2013)\r\nAppeared in 62 games and started 38 at designated hitter and in the outfield \u2022 Finished the year hitting .252 (40-159), scoring 25 runs and tallying 27 RBIs \u2022 Posted a perfect fielding percentage in 73 chances, his third consecutive season without an error \u2022 Went 1 for 2 with a pair of runs scored in the CWS win over NC State (6/20) \u2022 Worked an 8-pitch walk to score the winning run in the Super Regional-clinching win over South Carolina (6/11) \u2022 Had a pair of hits in the regional win over FAU (6/3) \u2022 Went 3 for 4 with two RBIs and a run scored against Duke (4/21) \u2022 Reached base five times and scored a season-high three runs while going 2 for 2 with two RBIs and three walks against Elon (4/17).\r\nSophomore (2012)\r\nAppeared in 60 games with 57 starts, 51 in the outfield and six at first base \u2022 Hit .270 (51-189) on the year with 29 runs scored and 31 RBI \u2022 Tallied seven doubles and four triples \u2022 Notched a career-high seven game hit streak from May 4-13 \u2022 Finished fourth on the team with seven stolen bases in 11 attempts \u2022 Registered two hits or more in 12 games \u2022 Posted a perfect fielding percentage \u2022 Registered three hits, two RBI and two runs in his first start of the season against Wright State (2/24) \u2022 Put up another three-hit performance with three RBI and one run scored against Wake Forest (3/30) \u2022 Drove in three runs from four hits, including a double and a triple, while scoring two runs against Duke (5/12) \u2022 Finished on a strong NCAA performance, scoring two runs and registered two hits and one RBI against St. John's (6/3). Summer 2012: Appeared in 34 games as an outfielder for the Baltimore Redbirds in the Cal Ripken Collegiate Baseball League \u2022 Hit .219 (25-114) on the summer with 15 runs scored and 18 RBI \u2022 Tallied four doubles, one triple, two home runs and seven stolen bases.\r\n\r\nFreshman (2011)\r\nAppeared in 33 games with four starts on the year \u2022 Hit .179 (5-28) with five runs and six RBI \u2022 Started the first three games of the season in left field \u2022 Tallied his first career hit against Davidson (3/2) \u2022 Scored the first run of his collegiate career in the win at USC (2/19) \u2022 Doubled against UNC Wilmington (3/22). Summer 2011: Played in 21 games for the Baltimore Redbirds in the Cal Ripken Collegiate Baseball League \u2022 Finished second on the team with a .333 average (25-75) \u2022 Scored 14 runs and had 11 RBI with four doubles and two triples.\r\n\r\nGlenn High School\r\nPlayed for coach John Fowler at Robert B. Glenn High School \u2022 Left-handed hitter with a great swing and polished approach \u2022 Versatile infielder with great instincts \u2022 Ranked the No. 6 prospect in North Carolina by Perfect Game and No. 21 in the state by Impact Baseball \u2022 Rated No. 237 nationally \u2022 Two-time all-state pick, two-time conference player of the year and three-time all-conference honoree \u2022 Named 2009 Piedmont Triad 3A Conference Player of the Year \u2022 2009 North Carolina State Games participant \u2022 Earned 2009 All-America honors from Perfect Game \u2022 Set school records in batting average, triples and on base percentage \u2022 Member of A-B Honor Roll.\r\n\r\nPersonal\r\nParks Weaver Jordan is the son Aaron and Teri Gray \u2022 Born in Greensboro, N.C. \u2022 Birthday is Feb. 2 \u2022 Majoring in communications at Carolina.", "photo": "images/avatars/YVJXQFQROUJCYMS.20130826190636.jpg", "number": 8, "hand": "L/R", "student": 7, "team": 1, "position": "OF/1B"}}, {"pk": 8, "model": "roster.player", "fields": {"bio": "Redshirted in 2013 after transferring from Davidson.\r\n\r\nDavidson (2012)\r\n\r\nAppeared in 15 games and started nine for the Wildcats \u2022 Earned Southern Conference all-freshman team honors \u2022 Posted a 4-3 record with a 4.40 ERA \u2022 Threw 73.2 innings that included three complete games and a no-hitter \u2022 No-hitter against Wofford was the sixth in school history and the first in 11 years \u2022 Named National Pitcher of the Week by Louisville Slugger and the NCBWA and Southern Conference Pitcher of the Week after the no-hitter \u2022 Struck out 52 batters while allowing 34 walks.\r\n\r\nSt. Albans School\r\n\r\nTeam MVP senior season \u2022 Posted 6-1 record with a 2.50 ERA \u2022 Notched 80 strikeouts and two saves in 51 innings \u2022 Headmaster's List \u2022 AP Scholar \u2022 National Latin Exam Gold Medalist \u2022 Also played football and ice hockey.\r\n\r\nPersonal\r\n\r\nHenry Winslow Sisson is the son of Edward and Kevin Sisson \u2022 Born in Bethesda, Md. \u2022 Birthday is September 21 \u2022 Majoring in business at Carolina.", "photo": "images/avatars/107.gif", "number": 11, "hand": "L/L", "student": 8, "team": 1, "position": "LHP"}}, {"pk": 9, "model": "roster.player", "fields": {"bio": "Freshman (2013)\r\nEarned consensus freshman All-America honors (Baseball America, Perfect Game, NCBWA and Louisville Slugger) after a standout first season in Chapel Hill \u2022 Appeared in 69 games with 67 starts, 57 of those at designated hitter \u2022 Hit .358 (92-257), the second highest percentage on the team, with 28 RBIs \u2022 Scored 75 runs, second-most on the team and tied for eighth in school history \u2022 Had the second most walks on the team with 53 which also tied for fifth in school history \u2022 Recorded a .447 slugging percentage and a team-high .491 on-base percentage \u2022 Tallied 14 doubles and three triples \u2022 Stole eight bases in 12 attempts \u2022 Had 29 multi-hit games on the year, including four hits on five occasions \u2022 Named to the NCAA Chapel Hill All-Regional team after going 9 for 20 with five runs in four games (5/31-6/3) \u2022 Totaled a season-high three RBIs against James Madison while going 3 for 3 and scoring two runs (5/7) \u2022 Made the Astros Foundation College Classic All-Tournament team after going 6 for 12 with five runs in three games (3/1-3) \u2022 Went 4 for 4 with two RBIs and two runs scored against Seton Hall (2/17) \u2022 Summer 2013: Played in 22 games with the Chatham Anglers of the Cape Cod League \u2022 Hit .250 with eight runs, two doubles and seven RBIs \u2022 Was walked 23 times and stole two bases.\r\nNorth Davidson High School\r\nDrafted in the 16th round (513) of the 2012 MLB First-Year Player Draft by the Arizona Diamondbacks \u2022 Ranked No. 266 in the nation by Perfect Game and tabbed No. 6 in the state of North Carolina \u2022 Tabbed No. 7 in the state by Impact Baseball \u2022 Coached by Mike Meadows at North Davidson High School in Lexington, N.C. \u2022 Played varsity baseball all four years and varsity basketball freshman and sophomore year \u2022 Named CPC All-Conference sophomore, junior and senior seasons \u2022 Named All-State senior year \u2022 Participated in the East Coast Pro Showcase, N.C. vs. S.C. All-Star Game and the Tournament of Stars.\r\n\r\nPersonal\r\nLandon Joseph Lassiter is the son of Cliff and Eva Lassiter \u2022 Born in Thomasville, N.C. \u2022 Birthday is June 14 \u2022 Father played baseball at Pfeiffer \u2022 Brother, Garrison, signed with Carolina before being drafted and signing with the New York Yankees.", "photo": "images/avatars/CFVHPQJFFITDRQH.20131203214809.jpg", "number": 12, "hand": "R/R", "student": 9, "team": 1, "position": "INF"}}, {"pk": 10, "model": "roster.player", "fields": {"bio": "Freshman (2013)\r\n\r\nAppeared in 12 games off the bench during his first season \u2022 Scored four runs and hit .300 as a pinch hitter and outfielder \u2022 Recorded his first career hit and scored his first career run in his first collegiate game against St. John's (2/27) \u2022 Went 1 for 2 with a run scored against Clemson (5/24). Summer 2013: Played in 28 games for the Gastonia Grizzlies of the Coastal Plain League \u2022 Hit .235 while racking up 15 RBIs, 16 runs scored, five doubles, one triple and a home run.\r\n\r\nForestview High School\r\n\r\nRanked among the top 500 in the country and No. 35 in the state of North Carolina by Perfect Game \u2022 Ranked the No. 3 player in the state by Impact Baseball \u2022 High school teammate of Reilly Hovis \u2022 Four-year center fielder \u2022 Coached by Brian Horne at Forestview High School in Gastonia, N.C. \u2022 Member of the Beta Club, National Honor Society and Technical Honor Society \u2022 Also played as a forward on Forestview's soccer team in 2008 and 2009.\r\n\r\nPersonal\r\n\r\nZachary Scott Daly is the son of Cherie Daly \u2022 Born in Niagara Falls, N.Y. \u2022 Birthday is Dec. 13 \u2022 Majoring in communication studies at Carolina.", "photo": "images/avatars/VIEOLYZFBRHKRVN.20130826190435.jpg", "number": 16, "hand": "L/L", "student": 10, "team": 1, "position": "OF"}}, {"pk": 11, "model": "roster.player", "fields": {"bio": "Sophomore (2013)\r\n\r\nReliable bullpen arm who was one of the most effective relievers on the staff \u2022 Made 32 appearances on the year, tied for most on the team \u2022 Posted a 7-1 record with a 2.13 ERA and two saves \u2022 Tossed 63.1 innings and allowed just 15 earned runs \u2022 Recorded 54 strikeouts, second most of anyone out of the bullpen, and walked 28 batters \u2022 Limited opponents to just a .193 batting average \u2022 Struck out a career-high six batters in a career-long 3.2 innings in the Chapel Hill Regional against Florida Atlantic (6/3) \u2022 Allowed just two hits and one earned run in 3.1 innings pitched during the College World Series \u2022 Pitched in nine NCAA tournament games and allowed runs in just two of those appearances \u2022 Got the win in relief against Canisius in the Chapel Hill Regional (5/31) \u2022 Won his first six decisions of the year, including ACC wins over Wake Forest (3/10), Miami (3/17) and Virginia (5/17) \u2022 Had multiple strikeouts in 14 of his 32 appearances \u2022 Tallied five strikeouts and allowed just one run in 2.2 innings in his first appearance of the season against Coastal Carolina (2/18).\r\n\r\nFreshman (2012)\r\n\r\nAppeared in 25 games as a reliever, posting a 2.10 ERA \u2022 Registered a 1-0 mark on the season \u2022 Threw 25.2 innings, allowing six earned runs \u2022 Struck out 17, while walking just nine \u2022 Gave up just one hit and no runs in his collegiate debut against Southern California (3/2) \u2022 Threw a scoreless and hitless 2.2 frames while striking out three to earn his first win against Princeton (3/20) \u2022 Struck out a career-high three batters three times on the season \u2022 Gave up zero hits in nine appearances \u2022 Ended his debut season on a seven-game streak of not giving up an earned run from May 2 through June 3. Summer 2012: Made six appearances and five starts for the Thomasville Hi-Toms of the Coastal Plain League \u2022 Posted a 2.25 ERA and registered a 3-1 mark \u2022 Threw 32 innings, allowing eight earned runs \u2022 Struck out 31 \u2022 Played in the all star game \u2022 Named Baseball America's fourth-best prospect in the Coastal Plain League.\r\n\r\nArdrey Kell High School\r\n\r\nCoached by Hal Bagwell at Ardrey Kell \u2022 Drafted in the 35th round (1079th) of the 2011 MLB Draft by the New York Yankees \u2022 Ranked No. 11 in the state of North Carolina and No. 135 in the nation by Perfect Game \u2022 Impact Baseball ranks him the No. 17 player in North Carolina \u2022 Listed as the No. 44 right-hander in the country by Perfect Game \u2022 Named an Under Armour Preseason All-America \u2022 Helped lead Ardrey Kell to the SW4A High School State Championship \u2022 Earned 4A All-State honors as a senior \u2022 Honor Roll \u2022 National Honor Society Member.\r\n\r\nPersonal\r\n\r\nChristopher James McCue is the son of Jim and LeeAnn McCue \u2022 Born in West Springfield, Mass. \u2022 Birthday is April 23 \u2022 Majoring in advertising at Carolina.", "photo": "images/avatars/JDNCOZUSQMJCVOY.20130826190726.jpg", "number": 17, "hand": "R/R", "student": 11, "team": 1, "position": "RHP"}}, {"pk": 12, "model": "roster.player", "fields": {"bio": "Jesuit High School\r\nTalented player who brings power from the right side of the plate with arm-strength that allows him to play multiple positions, including catcher \u2022 Ranked the No. 152 player in the country by Perfect Game \u2022 Tabbed the No. 21 player in the state of Florida by Perfect Game \u2022 Ranked the No. 16 catcher in the country by Perfect Game \u2022 Named a PG Underclass First Team All-America in 2012 \u2022 Helped claim the 2011 World Wood Bat Championship in Jupiter \u2022 Played with fellow signee Spencer Trayner at Jesuit High School \u2022 Coached by Richie Warren at Jesuit High School.\r\nPersonal\r\nAdrian Anthony Chacon is the son of Nathan and Annette Castro \u2022 Birthday is March 8 \u2022 Has not declared a major at Carolina.", "photo": "images/avatars/ELULARDWQUFOZTV.20130826190417.jpg", "number": 18, "hand": "R/R", "student": 12, "team": 1, "position": "C/1B"}}, {"pk": 13, "model": "roster.player", "fields": {"bio": "Junior (2013)\r\nCame off the bench to appear in 17 games as a pinch hitter and hit .357 (5 for 14) \u2022 Tallied four RBIs, one run scored and a double while striking out just three times \u2022 Notched a season-high three RBIs on a three-run double against St. John's (2/27).\r\nSophomore (2012)\r\nAppeared in 42 games with 24 starts, 22 as designated hitter and two in the outfield \u2022 Posted a .286 average (26-91) with 19 runs scored and 19 RBIs \u2022 Tallied seven doubles and two triples \u2022 Drew 14 walks on the year \u2022 Stole two bases in two attempts \u2022 Drove in three runs while scoring two and registering a double and a triple against Wright State (2/24) \u2022 Tallied two hits, two RBIs and a run against Maryland (3/17) \u2022 Drove in two runs with a triple and a walk against Elon (4/4) \u2022 Scored a run and drove in two runs from two hits against Princeton (3/20). Summer 2012: Appeared in 43 games for the Danbury Westerners of the New England League \u2022 Posted a .255 average (39-153) with 28 runs scored and 28 RBIs \u2022 Tallied eight doubles, 10 home runs and five stolen bases on the summer.\r\n\r\nFreshman (2011)\r\nPlayed in 48 games with 33 starts in the outfield and as the designated hitter \u2022 Finished with a .204 average (23-113) with 17 runs scored and 23 RBI \u2022 Tallied four doubles, two triples and a home run \u2022 Drew 19 walks on the year \u2022 Appeared in 23 games with 13 starts during the ACC season \u2022 Picked up a hit in his first career start at Cal State Fullerton (2/19) \u2022 Rode a hot streak after the first hit by picking up one in the next 10 games for a season-opening 11 game streak from Feb. 19-March 5 \u2022 Connected on his first career home run and drove in a season-high four runs against Stony Brook (3/5) \u2022 Drove in eight runs in the series sweep of Stony Brook \u2022 Scored three times against Davidson (3/2) \u2022 Posted three RBI at Virginia Tech (3/19) \u2022 Tallied two hits and drove in three vs. Winthrop (4/5). Summer 2011: Started 30 games for the Outer Banks Daredevils of the Coastal Plain League \u2022 Hit .269 (32-119) for the summer with 15 runs scored and 10 RBI \u2022 Tallied five doubles, two triples and a home run.\r\n\r\nNorth Hunterdon High School\r\nCoached by Parker Snare at North Hunterdon High School \u2022 Above average runner \u2022 Rated New Jersey's No. 4 player and the nation's No. 240 prospect by Perfect Game \u2022 All-state, all-area and All-West Jersey selection \u2022 Owns school's single-season records for hits, home runs and extra-base hits \u2022 Represented New Jersey for the third time at the World Power Showcase at Tropicana Field \u2022 Named MVP of the Under-16 WWBA national championship \u2022 Two-time all-state honoree \u2022 Three-time first team all-area pick \u2022 Three-time first team all-county selection \u2022 Named West Jersey Player of the Year \u2022 Earned Hunterdon Democrat Player of the Year award.\r\n\r\nPersonal\r\nThomas Bitow Zengel is the son of Tom and Ellen Zengel \u2022 Majoring in management and society at Carolina.", "photo": "images/avatars/ZWFGKPXGYODMUWR.20130826191037.jpg", "number": 19, "hand": "L/L", "student": 13, "team": 1, "position": "OF"}}, {"pk": 14, "model": "roster.player", "fields": {"bio": "Freshman (2013)\r\nEarned consensus freshman All-America honors (Baseball America, Perfect Game, NCBWA and Louisville Slugger) after starting 54 games in the outfield and hitting .321 (68-212), the fourth-highest average on the team, despite missing a month with a broken foot \u2022 Second-team All-ACC selection \u2022 Scored 48 runs and had 51 RBIs \u2022 Tied for second on the team with 14 doubles and was fourth in home runs with six \u2022 Slugged .491 and had a .418 on base percentage \u2022 Swiped 10 bases in 13 attempts \u2022 Notched 22 multi-hit games, including seven of his first 11 collegiate outings \u2022 Went 2 for 4 with an RBI in the win over LSU in the College World Series (6/18) \u2022 Had a season high five RBIs against Maryland (4/5) \u2022 Hit a go-ahead three-run home run in the eighth inning of the series-clinching victory over Miami (3/17) \u2022 Homered in all three games of the Wake Forest series, the first long balls of his career (3/8-10) \u2022 Went 2 for 3 with a run scored in his first collegiate start against Seton Hall (2/15) and followed that up with a 4-for-5 performance one game later \u2022 Summer 2013: Made the 24-man roster for the USA Baseball Collegiate National Team.\r\nHoly Innocents\r\nDrafted in the 26th round (804) in the 2012 MLB Draft by the Washington Nationals \u2022 Ranked the No. 6 player in the state of Georgia by Perfect Game \u2022 Ranked No. 39 in the class of 2012 by Baseball America \u2022 Tabbed the No. 45 player in the country by Perfect Game and No. 11 among outfielders in the nation \u2022 Participated in the 2011 Perfect Game All-American Classic at Petco Park in San Diego, Calif. \u2022 Coached by Dylan Deal at Holy Innocents Episcopal School in Atlanta, Ga. \u2022 Named MVP of high school team \u2022 Served as assistant head of FCA group \u2022 Also played football as quarterback.\r\n\r\nPersonal\r\nSkye M. Bolt is the son of Mike and Eva Bolt \u2022 Born in Woodstock, Ga. \u2022 Birthday is Jan. 15 \u2022 Father played college baseball.", "photo": "images/avatars/XCACSSLIZEHHCDU.20130826190409.jpg", "number": 20, "hand": "S/L", "student": 14, "team": 1, "position": "OF"}}, {"pk": 15, "model": "roster.player", "fields": {"bio": "Sophomore (2013)\r\n\r\nAppeared in 12 games primarily as a pinch hitter \u2022 Hit .200 (2 for 10) with a pair of singles, two RBIs, three walks and two runs scored \u2022 Notched his first career hit and RBI with a two-run single against St. John's (2/27) \u2022 Also had a pinch hit single against Texas A&M (3/3).\r\n\r\nFlorence-Darlington Technical (2012)\r\n\r\nAppeared in 48 games as a utility player \u2022 Posted a .340 average (54-159) with 39 runs scored and team-high 40 RBIs \u2022 Tallied a school-record 19 doubles, two triples and nine home runs \u2022 Earned first team all-region honors.\r\n\r\nHopewell High School\r\n\r\nCoached by Joe Rubino, his uncle, at Hopewell High School in Aliquippa, Pa. \u2022 First-team all-section senior year \u2022 First-team all-region junior year \u2022 Also played football as running back and basketball as point guard.\r\n\r\nPersonal\r\n\r\nMatthew Paul Rubino is the son of James and Melissa Rubino \u2022 Born in Morehead City, N.C \u2022 Birthday is June 30 \u2022 Father was drafted for baseball but chose to join the Marine Corps \u2022 Majoring in exercise and sport science at Carolina.\r\n", "photo": "images/avatars/QZLTVBEJWCOSIGN.20131203214859.jpg", "number": 24, "hand": "L/R", "student": 15, "team": 1, "position": "C"}}, {"pk": 16, "model": "roster.player", "fields": {"bio": "Christian Brothers Academy\r\nStrong left-handed hitter that can hit for power \u2022 Ranked No. 117 in the country by Perfect Game \u2022 Mentioned as one of 50 \"Players to Watch\" by Baseball America \u2022 Tabbed the fifth-best player in the state of New Jersey by Perfect Game \u2022 Participated in the East Coast Showcase along with the Area Code Games \u2022 Ranked the sixth-best first baseman in the country by Perfect Game \u2022 Excels in the classroom \u2022 Earned First Honors every semester \u2022 Member of Spanish National Honors Society \u2022 Coached by Martin Kenney at Christian Brothers Academy.\r\nPersonal\r\nJoseph Michael Dudek is the son of Joe and Beth Dudek \u2022 Birthday is Jan. 6 \u2022 Has not declared a major at Carolina.", "photo": "images/avatars/ODNOMNLHSUHOGTE.20130826190446.jpg", "number": 25, "hand": "L/L", "student": 16, "team": 1, "position": "1B"}}, {"pk": 17, "model": "roster.player", "fields": {"bio": "Lefty specialist has appeared in 77 games during his three years on campus \u2022 Continues to be a valuable asset out of the Carolina bullpen.\r\nJunior (2013)\r\nFinished the season with a 1.35 ERA, third lowest on the team, while making 20 appearances out of the bullpen \u2022 Allowed just four hits and one earned run in 6.2 innings while striking out 10 \u2022 Posted the third lowest opponent batting average on the team, allowing opposing batters to hit just .148 with only one extra-base hit \u2022 Recorded saves in back-to-back outings against Liberty (4/10) and Virginia Tech (4/14) \u2022 Struck out two Hokies to seal the win in Blacksburg.\r\n\r\nSophomore (2012)\r\nAppeared in 25 games out of the bullpen, posting a 2.89 ERA \u2022 Posted a 1-0 mark on the season \u2022 Threw 9.1 innings of work, allowing three earned runs \u2022 Struck out 13, while walking just five \u2022 Earned his first career win by notching a strikeout against the only batter he faced in 0.1 innings of work against Wake Forest (5/23) \u2022 Tied his career-high strikeout count with three against Gardner-Webb (3/14) \u2022 Appeared in 19 straight games without giving up an earned run from Feb. 18 through May 8 \u2022 Finished the season with a pair of strikeouts against St. John's in NCAA play (6/3). Summer 2012: Appeared in 12 games for the Chatham Angels of the Cape Cod League \u2022 Posted a 1-3 mark at the Cape with a 2.45 ERA in 14.2 innings of work \u2022 Struck out 18 batters over the summer.\r\n\r\nFreshman (2011)\r\nAppeared in the second most games with 32 on the year out of the bullpen \u2022 Posted a 2.20 ERA in 16.1 innings pitched \u2022 Opponents hit just .164 against him on the year (9-55) \u2022 Struck out 15 batters, while walking 10 for the season \u2022 Made 13 appearances during the ACC season tossing six innings \u2022 Struck out eight and walked four in ACC play \u2022 Ranked second on the team in first batters retired as he sat down 23 of the first 32 batters he faced (.719) \u2022 Inherited 30 runners on the year and allowed just four to score (.133 percent) the fewest on the team \u2022 Allowed just one run over his final 16 appearances of the year \u2022 Tied for the team lead with seven holds \u2022 Made his first career appearance at Cal State Fullerton (2/19) \u2022 Threw a career-long two innings at Georgia Tech (5/14) and struck out a career-high three batters \u2022 Struck out a pair in back-to-back outings against High Point (3/25) and Duke (3/26) \u2022 Made a pair of appearances at the College World Series against Vanderbilt (6/18 & 6/22). Summer 2011: Made a pair of appearances for the Asheboro Copperheads in the Coastal Plain League \u2022 Posted a 1-1 record with a 3.18 ERA in 5.2 innings of work \u2022 Struck out seven and walked four.\r\n\r\nSmithfield-Selma High School\r\nPlayed for coach Mike Joyner at Smithfield-Selma High School \u2022 Versatile performer was rated North Carolina's No. 11 prospect by Impact Baseball and ranks No. 17 according to Perfect Game \u2022 Ranked No. 413 nationally by Perfect Game \u2022 Two-time all-state selection and a four-time all-conference honoree \u2022 Named conference's most valuable pitcher as a junior \u2022 North Carolina State Games participant \u2022 Also played basketball \u2022 Named to the Honor Roll.\r\n\r\nPersonal\r\nChristian Tate Parrish is the son of Frank and Kim Parrish \u2022 Born in Smithfield, N.C. \u2022 Birthday is May 30 \u2022 Majoring in exercise and sport science at Carolina.", "photo": "images/avatars/FBIDMAHRTJVFATK.20130826190834.jpg", "number": 27, "hand": "R/L", "student": 17, "team": 1, "position": "LHP"}}, {"pk": 18, "model": "roster.player", "fields": {"bio": "Freshman (2013)\r\n\r\nAppeared in 18 games with four starts \u2022 Finished 4-0 on the year with a 2.36 ERA in 34.1 innings pitched, allowing just nine earned runs and 20 hits \u2022 Struck out 26 batters while holding opponents to just a .164 batting average \u2022 Got the win in two of Carolina's most dramatic wins of the year \u2022 Retired the last batter in UNC's 13-inning win over Florida Atlantic in the NCAA Chapel Hill Regional \u2022 Went five scoreless innings in relief to get the win over Clemson in the ACC Championship \u2022 Gave up just one hit and no runs in five innings against Appalachian State (5/14) \u2022 Struck out a season-high five batters while conceding just one earned run against Charlotte (4/24) \u2022 Pitched a season-high five innings three times during the season.\r\n\r\nForestview High School\r\n\r\nRanked No. 276 in the nation by Perfect Game and No. 7 in the state of North Carolina \u2022 Earned the No. 8 ranking in the state by Impact Baseball \u2022 High School teammate of fellow freshman Zach Daly \u2022 Coached by Brian Horne at Forestview High School in Gastonia, N.C. \u2022 Also played soccer sophomore year \u2022 Member of National Honor Society and Beta Club.\r\n\r\nPersonal\r\n\r\nPatrick O'Reilly Hovis is the son of Richard and Kelly Hovis \u2022 Born Oct. 27, 1993, in Gastonia, N.C. \u2022 Mother played tennis at St. Mary's \u2022 Cousin, Jonathan Hovis, played baseball at UNC and in the minor leagues for the New York Yankees system \u2022 Majoring in management and society at Carolina.", "photo": "images/avatars/TPQSEDWKLYZPHTW.20130826190617.jpg", "number": 28, "hand": "R/R", "student": 18, "team": 1, "position": "RHP"}}, {"pk": 19, "model": "roster.player", "fields": {"bio": "Cape Henry Collegiate\r\nPolished left-handed swing \u2022 Ranked among the top 1,000 players in the country by Perfect Game \u2022 Tabbed the No. 48 player in the state of North Carolina by Perfect Game \u2022 Earned PG Underclass Honorable Mention in 2012 \u2022 Helped lead Cape Henry to the VISAA Division 2 State Championship as a junior \u2022 Honor Roll student \u2022 Member of National Honor Society \u2022 Coached by Tim Hummel at Cape Henry Collegiate.\r\nPersonal\r\nTyler Christopher Ramirez is the son of Ray and Vicky Ramirez \u2022 Comes from a large family with three brothers and a sister and 19 cousins, 15 of whom are boys \u2022 Birthday is Feb. 21 \u2022 Plans to major in business at Carolina.", "photo": "images/avatars/LQYAWDXHGFXPMOU.20130826190915.jpg", "number": 29, "hand": "L/R", "student": 19, "team": 1, "position": "OF"}}, {"pk": 20, "model": "roster.player", "fields": {"bio": "Freshman (2013)\r\nEarned consensus freshman All-America honors (Baseball America, Perfect Game, NCBWA and Louisville Slugger) after a standout freshman season \u2022 Appeared in 29 games, including six starts, and had a 1.37 ERA in 91.2 innings, ninth best in school history \u2022 Finished with a team-high 12 wins against just one loss \u2022 His 12 wins were a UNC freshman record and are tied for fifth-most in school history \u2022 Also recorded a team-high eight saves, spending most of the season as the top bullpen arm for the Tar Heels \u2022 Second-team All-ACC selection \u2022 Allowed just 14 earned runs and walked just 19 batters in 91.2 innings \u2022 Struck out 81 batters, third-most on the team, while keeping opponents to a .204 batting average \u2022 Allowed an earned run in just nine of 29 appearances \u2022 Tossed at least seven innings in four of his six starts, including a 7-inning, 2-run win in the College World Series against LSU \u2022 Struck out five and retired 12 batters on just 48 pitches in relief during Carolina's regional-clinching win over Florida Atlantic (6/3) \u2022 Named to the NCAA Chapel Hill All-Regional team for his performance \u2022 Went 6.2 scoreless and hitless innings and struck out seven batters in relief against NC State in the ACC tournament (5/25)\u2022 Carried a no-hitter into the eighth and recorded a season-high eight strikeouts against Gardner-Webb (3/12).\r\nArdrey Kell High School\r\nRanked No. 370 nationally by Perfect Game and No. 12 in the state of North Carolina \u2022 Rated No. 10 in the state by Impact Baseball \u2022 Coached by Hal Bagwell all four years at Ardrey Kell High School in Charlotte, N.C. \u2022 Team captain senior year \u2022 Also played basketball \u2022 Member of National Honor Society and National Technical Honor Society \u2022 Member of Knights in Action community service.\r\n\r\nPersonal\r\nTrent Edward Thornton is the son of Jeff and Patty Thornton \u2022 Born in Pittsburgh, Pa. \u2022 Birthday is Sept. 30 \u2022 Father played football at Indiana as quarterback \u2022 Grandfather, Jerry, played football and baseball at Kansas \u2022 Uncle, Wes, played football at Davidson.", "photo": "images/avatars/PVEEBWDXAPPRMTO.20130826191010.jpg", "number": 31, "hand": "R/R", "student": 20, "team": 1, "position": "RHP"}}, {"pk": 21, "model": "roster.player", "fields": {"bio": "Piedmont High School\r\nStrong right-handed hitter \u2022 Athletic, versatile player \u2022 Ranked among the top 500 players in the country according to Perfect Game \u2022 Was ranked the No. 14 player in the state of North Carolina by Perfect Game \u2022 Earned PG Underclass High Honorable Mention in 2012 \u2022 Two-time all-state selection \u2022 Led Piedmont to a 2A state title in 2013 \u2022 Was named the RR2A Player of the Year \u2022 Finished his career ranked sixth in North Carolina history in career RBIs (127) and hits (148) \u2022 AB Honor Roll Student \u2022 Voted outstanding senior by school staff \u2022 Coached by Milt Flow at Piedmont High School.\r\nPersonal\r\nColby Daniel Barnette is the son of Stephen and Kim Barnette \u2022 Birthday is Nov. 3 \u2022 Has not declared a major at Carolina.", "photo": "images/avatars/AEJMSTIVYFQEPZU.20130826190342.jpg", "number": 34, "hand": "R/R", "student": 21, "team": 1, "position": "3B"}}, {"pk": 22, "model": "roster.player", "fields": {"bio": "Lovett School\r\nRanked among the top 500 players in the country by Perfect Game \u2022 Tabbed the No. 63 player in the state of Georgia by Perfect Game \u2022 Coached by Lance Oubs at The Lovett School in Atlanta, Ga. \u2022 Four-year first baseman and pitcher \u2022 Also played football three season as defensive end, quarterback and kicker \u2022 Named to the Scholar's List all four years \u2022 Participated in YoungLife and bible study.\r\n\r\nPersonal\r\nJohn James Geraghty III is the son of John and Beth Geraghty \u2022 Born in Richmond, Va. \u2022 Birthday is Aug. 25 \u2022 Has not declared a major at Carolina.", "photo": "images/avatars/LJUWIMRZRAZVKBH.20130826190601.jpg", "number": 35, "hand": "R/R", "student": 22, "team": 1, "position": "RHP"}}, {"pk": 23, "model": "roster.player", "fields": {"bio": "Returned to the mound in the fall and could be a valuable contributor out of the bullpen after missing most of the last two seasons.\r\nJunior (2013) \r\nPitched a scoreless inning with two strikeouts against St. John's (2/27) before being shut down for the season.\r\n\r\nSophomore (2012)\r\nMade five relief appearances \u2022 Threw 1.1 innings, notching one strikeout \u2022 That strikeout came against Southern California (3/2) \u2022 Did not give up an extra-base hit all season \u2022 Threw four hitless appearances \u2022 Underwent season-ending surgery in late April and earned a medical redshirt.\r\n\r\nFreshman (2011)\r\nMade 24 appearances on the year with one start \u2022 Posted a 3-1 record with a 2.77 ERA \u2022 Threw 26 innings allowing eight earned runs while striking out 27 batters \u2022 His 2.77 ERA ranked fourth on the team among pitchers with at least 25 innings pitched \u2022 Was 1-0 in nine appearances during the ACC season \u2022 Threw a scoreless inning in his first career outing against Missouri (2/20) as he earned his first career victory \u2022 Earned the win at Virginia Tech (3/20) with a scoreless frame \u2022 Threw a career-long four innings in his first career start against Coastal Carolina (4/19) \u2022 Struck out a season-high three batters three times during the season. Summer 2011: Appeared in seven games for the Falmouth Commodores in the Cape Cod League \u2022 Threw nine innings of relief, while striking out nine.\r\n\r\nRoswell High School\r\nDrafted in the 40th round (1,205th overall) by the Oakland Athletics \u2022 Played for coach Mike Powers at Roswell High School \u2022 Owns a polished approach on the mound with a great feel for pitching \u2022 Fastball can touch 93 mph and owns a hard breaking curve ball \u2022 Ranked as the No. 6 prospect in Georgia and No. 37 nationally by Perfect Game \u2022 Also ranked No. 79 by Baseball America \u2022 Named Earned 2009 Under Armour All-America honors and played in the Under Armour All-America Game at Wrigley Field \u2022 Claimed preseason All-America honors from both Under Armour and Perfect Game in 2009 \u2022 East Coast Showcase participant \u2022 Honor roll student and a 2009 AP scholar.\r\n\r\nPersonal\r\nAndrew Thomas Smith is the son of Steve and Connie Smith \u2022 Born in Roswell, Ga. \u2022 Birthday is Nov. 5 \u2022 Majoring in management and society at Carolina.", "photo": "images/avatars/OJLFLQLADLNFXRV.20130826191003.JPG", "number": 36, "hand": "R/R", "student": 23, "team": 1, "position": "RHP"}}, {"pk": 24, "model": "roster.player", "fields": {"bio": "Jesuit High School\r\nUltra-competitive athlete \u2022 Athleticism plays on both sides of the ball \u2022 Rare arm strength plays on the mound and in the field \u2022 Plus defender at shortstop \u2022 Ranked the No. 124 player in the country by Perfect Game \u2022 Tabbed the No. 19 player in the state of Florida by Perfect Game \u2022 Ranked the fifth-best middle infielder in the country by Perfect Game \u2022 Earned PG Underclass First Team All-America honors in 2012 after earning Third Team honors in 2011 \u2022 Helped team to PG Underclassman Championship \u2022 Played with fellow signee Adrian Chacon at Jesuit High School \u2022 Coached by Richie Warren at Jesuit High School \u2022 Also played lacrosse and football at Jesuit.\r\nPersonal\r\nSpencer Grant Trayner is the son of Ty and Brenda Trayner \u2022 Grandfather played for the Astros organization \u2022 Birthday is Dec. 22 \u2022 Has not declared a major at Carolina.", "photo": "images/avatars/OCWXFEQJFUPBYND.20130826191016.jpg", "number": 37, "hand": "R/R", "student": 24, "team": 1, "position": "RHP"}}, {"pk": 25, "model": "roster.player", "fields": {"bio": "Bishop Eustace Prep\r\nPolished right-handed pitcher with feel for three pitches and plus command \u2022 Ranked No. 303 in the country by Perfect Game \u2022 Tabbed the No. 10 player in the state of New Jersey by Perfect Game \u2022 Also ranked the No. 88 right-handed pitcher in the nation by Perfect Game \u2022 Earned PG Underclass Honorable Mention in 2012 \u2022 Excels in the classroom \u2022 Honor Roll student \u2022 Coached by Sam Tropiano at Bishop Eustace Prep.\r\nPersonal\r\nZachary Peter Gallen is the son of Stacey and Jim Gallen \u2022 Brother played baseball in college and dad played rugby in college \u2022 Birthday is August 3 \u2022 Has not declared a major at Carolina.", "photo": "images/avatars/BIKGDNNUCRBPEIU.20130826190553.jpg", "number": 38, "hand": "R/R", "student": 25, "team": 1, "position": "RHP"}}, {"pk": 26, "model": "roster.player", "fields": {"bio": "Sophomore (2013)\r\nAppeared in 19 games and started 16 as a sophomore \u2022 Posted a 3.77 ERA in 88.1 innings, third-most on the team \u2022 Recorded the second-most strikeouts on the team, striking out 92 batters \u2022 Walked just 34 opposing batters while compiling a 8-1 record, good for third on the team in wins \u2022 Won his first seven decisions of the year, including ACC victories against Wake Forest (3/9), Miami (3/16), Boston College (3/23) and Duke (4/20)\u2022 Tossed six or more innings in six outings \u2022 Tallied a season-high nine strikeouts twice and recorded at least seven strikeouts in an outing six times \u2022 Tossed a season-high eight innings without conceding a run and giving up just two hits while striking out five against Georgia Tech (5/11)\u2022 Went seven innings with nine strikeouts while allowing no runs and just two hits against Miami (3/16) \u2022 Earned ACC Pitcher of the Week honors for his performance against the Hurricanes \u2022 Made to the CoSIDA Academic All-District team.\r\n\r\nFreshman (2012)\r\nLouisville Slugger Freshman All-America \u2022 National Collegiate Baseball Writers Association Freshman All-America \u2022 Appeared in 17 games with 16 starts, posting a 1.94 ERA, the lowest of all starters \u2022 Registered a 7-2 mark \u2022 Threw 79 innings, allowing 17 earned runs \u2022 His 1.94 ERA was the third-lowest in the ACC \u2022 Struck out 83, the second most on the team \u2022 Opponents hit .218 against him on the season \u2022 Earned his first collegiate win with an 8.1-inning gem against Elon (3/7) \u2022 Moss struck out eight and allowed just three hits in that win, which was followed by another victory in his next scoreless appearance against UNC Greensboro (3/13) \u2022 Struck out a career-high 10 against Maryland (3/18) \u2022 Earned three ACC wins against Virginia (4/15), Georgia Tech (4/21) and Virginia Tech (5/18) \u2022 Struck out nine batters in three ACC games in a row from April 1-15.\r\n\r\nRocky Mount High School\r\nCoached by Kent Cox at Rocky Mount \u2022 Ranked No. 2 in North Carolina by Impact Baseball and No. 3 by Perfect Game \u2022 Rated No. 68 in the country by Perfect Game and No. 85 by Baseball America \u2022 Earned all-area and all-state honors \u2022 Named an Under Armour All-America \u2022 \"A\" Honor throughout high school career \u2022 Ranked in the top five in his class academically \u2022 Morehead Cain Scholar.\r\n\r\nPersonal\r\nThomas Benton Moss III is the son of Tom and Ashley Moss \u2022 Born in Tarboro, N.C. \u2022 Birthday is February 21 \u2022 Plays the guitar and the piano \u2022 Majoring in economics and business administration at Carolina.", "photo": "images/avatars/PYDHIIDBBZXVRSO.20130826190743.jpg", "number": 39, "hand": "R/R", "student": 26, "team": 1, "position": "RHP"}}, {"pk": 27, "model": "roster.player", "fields": {"bio": "Southwest Guilford High School\r\nLeft-handed pitcher with plus command of fastball and breaking ball \u2022 Left-handed bat that projects to hit for power \u2022 Ranked among the Top 500 in the country by Perfect Game \u2022 Tabbed as the No. 26 player in the state of North Carolina by Perfect Game \u2022 Played in the East Coast Showcase \u2022 Earned PG Underclass High Honorable Mention in 2011 and 2012 \u2022 Earned 4A All-State honors \u2022 Named the Piedmont Triad Player of the Year \u2022 Coached by Reid Holmes at Southwest Guilford High School.\r\nPersonal\r\nMatthew Conner Orth is the son of Keith and Angie Orth \u2022 Great uncle played professional baseball \u2022 Birthday is Oct. 14 \u2022 Has not declared a major at Carolina.", "photo": "images/avatars/WRLOLVEWHAHGFCJ.20130826190819.jpg", "number": 41, "hand": "L/L", "student": 27, "team": 1, "position": "LHP"}}, {"pk": 28, "model": "roster.player", "fields": {"bio": "Boyertown Area High School\r\nPolished right-handed pitcher that pounds the strike zone \u2022 Plus fastball and slider \u2022 Ranked No. 94 in Baseball America's Top 100 \u2022 Ranked the No. 69 player in the country by Perfect Game \u2022 Tabbed as the top player in the state of Pennsylvania \u2022 Also ranked the No. 20 right-handed pitcher in the country \u2022 Played in the prestigious Under Armour All-America Game at Wrigley Field \u2022 Also participated in the Area Code Games \u2022 Named The Mercury Player of the Year as a junior \u2022 Excels in the classroom \u2022 High Honor Roll Member \u2022 Coached by Todd Moyer at Boyertown Area High School.\r\nPersonal\r\nAaron John Bogucki is the son of Scott and Tracy Bogucki \u2022 Birthday is May 2 \u2022 Plans to major in business at Carolina.", "photo": "images/avatars/CJMDZKORQYVQADX.20130826190400.jpg", "number": 42, "hand": "R/R", "student": 28, "team": 1, "position": "RHP"}}, {"pk": 29, "model": "roster.player", "fields": {"bio": "Freshman (2013)\r\n\r\nAppeared in 39 games, starting 14 at catcher \u2022 Hit .159 with three RBIs, five runs scored and two doubles \u2022 Did not commit an error in 130 total chances \u2022 Recorded his first career hit - a double - against Stony Brook (2/24) \u2022 Scored his first collegiate run and tallied his first RBI against California (3/2). Summer 2013: Appeared in 20 games for the Wilson Tobs of the Coastal Plain League \u2022 Hit .313 with 16 RBIs, 10 runs scored, six doubles and three home runs.\r\n\r\nNitro High School\r\n\r\nDrafted in the 39th round (1196) of the 2012 MLB Draft by the Los Angeles Dodgers \u2022 Ranked among the top 500 in the country by Perfect Game \u2022 Tabbed the top player in the state of West Virginia by Perfect Game \u2022 Earned first team all-state honors as a junior \u2022 Coached by Steve Pritchard at Nitro High School in Nitro, W.Va. \u2022 Played catcher, pitcher and third base at Nitro \u2022 Received Promise and Brandon Sneed Scholarships \u2022 High Honors graduate \u2022 Member of Mu Alpha Theta.\r\n\r\nPersonal\r\n\r\nKorey Patrick Dunbar is the son of Danny and Joyce Dunbar \u2022 Born in Charleston, W.Va. \u2022 Birthday is April 21 \u2022 Sister played tennis at Wright State \u2022 Majoring in language arts education at Carolina.", "photo": "images/avatars/CQNDREMXBFJUZZZ.20130826190454.jpg", "number": 43, "hand": "R/R", "student": 29, "team": 1, "position": "C"}}, {"pk": 30, "model": "roster.player", "fields": {"bio": "Sophomore (2013)\r\n\r\nTied for most appearances on the team with 32 \u2022 Compiled a 3.63 ERA in 44.2 innings pitched \u2022 Allowed just 18 earned runs and walked just 19 batters while recording 36 strikeouts \u2022 Tallied two saves and a 2-1 record \u2022 Kept opposing batters to a .209 batting average \u2022 Struck out a career-high four batters in 3.2 innings against N.C. State (4/27) \u2022 Tossed a career-most four innings with one hit, no runs and two strikeouts against Virginia Tech (5/26). Summer 2013: Appeared in 13 games for the Orleans Firebirds of the Cape Cod League \u2022 Posted a 1.52 ERA in 17.2 innings \u2022 Allowed just three earned runs and 12 hits \u2022 Tallied 17 strikeouts and one save\r\n\r\nFreshman (2012)\r\n\r\nAppeared in four games, posting a 16.2 ERA \u2022 Pitched 1.2 innings out of the bullpen in April and May \u2022 Gave up just one hit and no runs in his collegiate debut against Coastal Carolina (3/28) \u2022 Struck out three batters on the season, with two of those coming in his final appearance against Georgia Tech (4/20). Summer 2012: Appeared in 16 games for the Baltimore Redbirds in the Cal Ripken Collegiate Baseball League \u2022 Posted a 1.80 ERA with a 2-1 record \u2022 Threw 35 innings, allowing nine earned runs \u2022 Tallied five saves over the summer \u2022 Struck out 38, while walking just 10 in 35 innings of work.\r\n\r\nAshley High School\r\n\r\nCoached by Brian Stewart at Ashley High School \u2022 Ranked the No. 24 player in the state of North Carolina by Perfect Game and the No. 491 player in the nation \u2022 Participated in the 2009 and 2010 State Games representing Region 2 \u2022 Named all-conference as a junior.\r\n\r\nPersonal\r\n\r\nTrevor Michael Kelley is the son of Greg and Jill Kelley \u2022 Born in Barrington, R.I. \u2022 Birthday is October 20 \u2022 Majoring in exercise and sport science at Carolina.", "photo": "images/avatars/UDKZYPAGCTWQPAU.20130826190645.jpg", "number": 44, "hand": "R/R", "student": 30, "team": 1, "position": "RHP"}}, {"pk": 31, "model": "roster.player", "fields": {"bio": "Nansemond River High School\r\nExtremely projectable left-handed pitcher with three above average pitches \u2022 Ranked the No. 458 player in the country by Perfect Game \u2022 Tabbed the No. 14 player in Virginia \u2022 Earned PG Underclass Honorable Mention in 2012 \u2022 Has earned Academic Honor Roll all three years \u2022 Coached by Mark Stuffel at Nansemond River High School.\r\nPersonal\r\nZachary John Rice is the son of John and Leila Rice \u2022 Birthday is Oct. 15 \u2022 Has not declared a major at Carolina.", "photo": "images/avatars/ORIFWVUBJHCCVKS.20130826190923.jpg", "number": 45, "hand": "L/L", "student": 31, "team": 1, "position": "LHP"}}, {"pk": 32, "model": "roster.player", "fields": {"bio": "Sophomore (2013)\r\n\r\nAppeared in nine games during the season, compiling an 8.59 ERA \u2022 Recorded six strikeouts and one save in 7.1 innings pitched \u2022 Allowed just five hits and kept opponents to a .192 batting average \u2022 Tossed two scoreless and hitless innings and tallied two strikeouts against Princeton (3/19) \u2022 Picked up his first career save vs. Rice in Houston with a scoreless inning in a 2-1 win (3/1). Summer 2013: Made 15 appearances with one start for the Orleans Firebirds of the Cape Cod League \u2022 Posted a 4.93 ERA and a 2-1 record, allowing 15 earned runs and struck out 15 in 27.1 innings\r\n\r\nFreshman (2012)\r\n\r\nAppeared in 13 games, making two starts and posting a 5.95 ERA \u2022 Pitched 19.2 innings while allowing 13 earned runs \u2022 Struck out 21 batters on the season \u2022 Struck out five in his first collegiate start against Davidson (3/6) \u2022 Notched four strikeouts while giving up just one earned run against UNC Greensboro (4/24) \u2022 Pounded the zone for seven strikeouts in 4.1 innings against St. John's in postseason play (6/3). Summer 2012: Appeared in nine games, making seven starts for the Forest City Owls of the Coastal Plain League \u2022 Registered a 4-3 mark with a 3.15 ERA \u2022 Struck out 28 in 40 innings of work, while allowing just 14 earned runs \u2022 Named the 14th-best prospect in the league by Perfect Game.\r\n\r\nNortheast Guilford High School\r\n\r\nCoached by David Lawing at Northeast Guilford \u2022 Ranked No. 21 in the state by Impact Baseball \u2022 Rated a top 1000 prospect by Perfect Game \u2022 Named to the 3A All-State Team as a junior \u2022 Helped lead Northeast Guilford to the Mid-Piedmont 3A Championship \u2022 Ranked No. 7 academically in his class.\r\n\r\nPersonal\r\n\r\nJuan Luis Antonio Paula is the son of Miguel and Emily Paula \u2022 Born in Greensboro, N.C. \u2022 Birthday is June 22 \u2022 Majoring in exercise and sport science at Carolina.", "photo": "images/avatars/VOBRUDFNJFENIPY.20130826190850.jpg", "number": 46, "hand": "R/R", "student": 32, "team": 1, "position": "RHP"}}, {"pk": 33, "model": "roster.player", "fields": {"bio": "St. Augustine Prep\r\nBig frame right-handed pitcher with a plus fastball and slider \u2022 Attacks hitters \u2022 The No. 32 player in the country according to Perfect Game \u2022 Ranked No. 62 in Baseball America's Top 100 \u2022 Tabbed the No. 2 player in the state of New Jersey \u2022 Ranked the 10th-best right-handed pitcher in the country according to Perfect Game \u2022 Played in the Perfect Game All-America Game at Petco Park \u2022 Participated in the Area Code Games \u2022 Earned PG Underclass First Team All-America honors in 2012 \u2022 Coached by Mike Bylone at St. Augustine Prep.\r\nPersonal\r\nChristopher Michael Oakley is the son of Paul and Lisa Oakley \u2022 Birthday is Aug. 20 \u2022 Has not declared a major at Carolina.", "photo": "images/avatars/COIMMALJSBUZQKA.20130826190811.jpg", "number": 47, "hand": "R/R", "student": 33, "team": 1, "position": "RHP"}}, {"pk": 34, "model": "roster.player", "fields": {"bio": "Freshman (2013)\r\n\r\nMade eight appearances with one start during the season \u2022 Compiled an 8.10 ERA and a 1-0 record \u2022 Allowed nine earned runs and 16 hits in 10 innings pitched \u2022 Made his first career start in the ACC Championship final, throwing five innings and allowing just five hits and one earned run to beat Virginia Tech \u2022 Had a scoreless outing against Elon (4/17), retiring a pair of batters and striking out one \u2022 Tossed a scoreless and hitless inning and struck out one batter in his first collegiate appearance against Seton Hall (2/17). Summer 2013: Started eight games for the Madison Mallards of the Northwood League \u2022 Went 1-1 with a 3.94 ERA in 29.2 innings to help the Mallards to the league title.\r\n\r\nButler High School\r\n\r\nRanked the No. 21 player in the nation by Perfect Game and No. 2 in the state of Ohio \u2022 Baseball America tabbed Cherry No. 38 in the 2012 class \u2022 Played in the Perfect Game All-American Game \u2022 Was named the Gatorade Player of the Year of Ohio as a junior \u2022 Coached by Trent Dues at Vandalia-Butler High School in Vandalia, Ohio. \u2022 Also played basketball from freshman to junior year \u2022 Named to the principal's list freshman and senior years.\r\n\r\nPersonal\r\n\r\nTaylore Lewis Cherry is the son of Ron and Kathy Cherry \u2022 Born in Dayton, Ohio \u2022 Birthday is June 24 \u2022 Has not declared a major at Carolina.", "photo": "images/avatars/PYOQVTLCXOBJGHF.20130826190427.jpg", "number": 48, "hand": "R/R", "student": 34, "team": 1, "position": "RHP"}}, {"pk": 1, "model": "roster.school", "fields": {"name": "UNC Chapel Hill"}}, {"pk": 1, "model": "roster.student", "fields": {"first_name": "Michael", "last_name": "Massardo", "weight": 170, "hometown": "Waxhaw, NC", "height": 67, "year": "SO", "highschool": "Charlotte Latin"}}, {"pk": 2, "model": "roster.student", "fields": {"first_name": "Adam", "last_name": "Pate", "weight": 165, "hometown": "Pikeville, NC", "height": 69, "year": "FR", "highschool": "C.B. Aycock"}}, {"pk": 3, "model": "roster.student", "fields": {"first_name": "Brandon", "last_name": "Whiteford", "weight": 171, "hometown": "Douglasville, GA", "height": 69, "year": "FR", "highschool": "Chapel Hill"}}, {"pk": 4, "model": "roster.student", "fields": {"first_name": "Wood", "last_name": "Myers", "weight": 171, "hometown": "Chapel Hill, NC", "height": 69, "year": "FR", "highschool": "Jordan"}}, {"pk": 5, "model": "roster.student", "fields": {"first_name": "Michael", "last_name": "Russell", "weight": 200, "hometown": "Huntersville, NC", "height": 74, "year": "JR", "highschool": "Hopewell"}}, {"pk": 6, "model": "roster.student", "fields": {"first_name": "Alex", "last_name": "Raburn", "weight": 180, "hometown": "Durham, NC", "height": 70, "year": "SO", "highschool": "Jordan"}}, {"pk": 7, "model": "roster.student", "fields": {"first_name": "Parks", "last_name": "Jordan", "weight": 190, "hometown": "Winston-Salem, NC", "height": 73, "year": "SR", "highschool": "Glenn"}}, {"pk": 8, "model": "roster.student", "fields": {"first_name": "Henry", "last_name": "Sisson", "weight": 180, "hometown": "Chevy Chase, MD", "height": 74, "year": "SO", "highschool": "Davidson"}}, {"pk": 9, "model": "roster.student", "fields": {"first_name": "Landon", "last_name": "Lassiter", "weight": 180, "hometown": "High Point, NC", "height": 73, "year": "SO", "highschool": "North Davidson"}}, {"pk": 10, "model": "roster.student", "fields": {"first_name": "Zach", "last_name": "Daly", "weight": 180, "hometown": "Gastonia, NC", "height": 74, "year": "SO", "highschool": "Forest View"}}, {"pk": 11, "model": "roster.student", "fields": {"first_name": "Chris", "last_name": "McCue", "weight": 170, "hometown": "Charlotte, NC", "height": 72, "year": "JR", "highschool": "Ardrey Kell"}}, {"pk": 12, "model": "roster.student", "fields": {"first_name": "Adrian", "last_name": "Chacon", "weight": 197, "hometown": "Tampa, FL", "height": 72, "year": "FR", "highschool": "Jesuit"}}, {"pk": 13, "model": "roster.student", "fields": {"first_name": "Tom", "last_name": "Zengel", "weight": 200, "hometown": "High Bridge, NJ", "height": 71, "year": "SR", "highschool": "North Hunterdon"}}, {"pk": 14, "model": "roster.student", "fields": {"first_name": "Skye", "last_name": "Bolt", "weight": 175, "hometown": "Woodstock, GA", "height": 74, "year": "SO", "highschool": "Holy Innocents"}}, {"pk": 15, "model": "roster.student", "fields": {"first_name": "Matt", "last_name": "Rubino", "weight": 190, "hometown": "Aliquippa, PA", "height": 70, "year": "SO", "highschool": "Florence Darlington"}}, {"pk": 16, "model": "roster.student", "fields": {"first_name": "Joe", "last_name": "Dudek", "weight": 201, "hometown": "Wall Township, NJ", "height": 73, "year": "FR", "highschool": "Christian Brothers Academy"}}, {"pk": 17, "model": "roster.student", "fields": {"first_name": "Tate", "last_name": "Parrish", "weight": 180, "hometown": "Smithfield, NC", "height": 73, "year": "SR", "highschool": "Smithfield-Selma"}}, {"pk": 18, "model": "roster.student", "fields": {"first_name": "Reilly", "last_name": "Hovis", "weight": 190, "hometown": "Gastonia, NC", "height": 75, "year": "SO", "highschool": "Forest View"}}, {"pk": 19, "model": "roster.student", "fields": {"first_name": "Tyler", "last_name": "Ramirez", "weight": 197, "hometown": "Suffolk, VA", "height": 69, "year": "FR", "highschool": "Cape Henry Collegiate"}}, {"pk": 20, "model": "roster.student", "fields": {"first_name": "Trent", "last_name": "Thornton", "weight": 170, "hometown": "Charlotte, NC", "height": 72, "year": "SO", "highschool": "Ardrey Kell"}}, {"pk": 21, "model": "roster.student", "fields": {"first_name": "Colby", "last_name": "Barnette", "weight": 179, "hometown": "Monroe, NC", "height": 72, "year": "FR", "highschool": "Piedmont"}}, {"pk": 22, "model": "roster.student", "fields": {"first_name": "Jack", "last_name": "Geraghty", "weight": 211, "hometown": "Atlanta, GA", "height": 73, "year": "FR", "highschool": "Lovett School"}}, {"pk": 23, "model": "roster.student", "fields": {"first_name": "Andrew", "last_name": "Smith", "weight": 207, "hometown": "Roswell, GA", "height": 74, "year": "SR", "highschool": "Roswell"}}, {"pk": 24, "model": "roster.student", "fields": {"first_name": "Spencer", "last_name": "Trayner", "weight": 168, "hometown": "Tampa, FL", "height": 72, "year": "FR", "highschool": "Jesuit"}}, {"pk": 25, "model": "roster.student", "fields": {"first_name": "Zac", "last_name": "Gallen", "weight": 170, "hometown": "Gibbsboro, NJ", "height": 72, "year": "FR", "highschool": "Bishop Eustace"}}, {"pk": 26, "model": "roster.student", "fields": {"first_name": "Benton", "last_name": "Moss", "weight": 174, "hometown": "Enfield, NC", "height": 74, "year": "JR", "highschool": "Rocky Mount"}}, {"pk": 27, "model": "roster.student", "fields": {"first_name": "Matt", "last_name": "Orth", "weight": 190, "hometown": "High Point, NC", "height": 73, "year": "FR", "highschool": "Southwest Guilford"}}, {"pk": 28, "model": "roster.student", "fields": {"first_name": "AJ", "last_name": "Bogucki", "weight": 191, "hometown": "Gilbertsville, PA", "height": 75, "year": "FR", "highschool": "Boyertown Area"}}, {"pk": 29, "model": "roster.student", "fields": {"first_name": "Korey", "last_name": "Dunbar", "weight": 215, "hometown": "Charleston, WV", "height": 72, "year": "SO", "highschool": "Nitro"}}, {"pk": 30, "model": "roster.student", "fields": {"first_name": "Trevor", "last_name": "Kelley", "weight": 210, "hometown": "Wilmington, NC", "height": 74, "year": "JR", "highschool": "Ashley"}}, {"pk": 31, "model": "roster.student", "fields": {"first_name": "Zach", "last_name": "Rice", "weight": 189, "hometown": "Suffolk, VA", "height": 74, "year": "FR", "highschool": "Nansemond River"}}, {"pk": 32, "model": "roster.student", "fields": {"first_name": "Luis", "last_name": "Paula", "weight": 185, "hometown": "McLeansville, NC", "height": 75, "year": "JR", "highschool": "Northeast Guilford"}}, {"pk": 33, "model": "roster.student", "fields": {"first_name": "Chris", "last_name": "Oakley", "weight": 226, "hometown": "Egg Harbor, NJ", "height": 78, "year": "FR", "highschool": "St. Augustine Prep"}}, {"pk": 34, "model": "roster.student", "fields": {"first_name": "Taylore", "last_name": "Cherry", "weight": 270, "hometown": "Dayton, OH", "height": 80, "year": "SO", "highschool": "Butler"}}, {"pk": 1, "model": "roster.sport", "fields": {"name": "Baseball"}}, {"pk": 2, "model": "roster.sport", "fields": {"name": "Basketball"}}, {"pk": 3, "model": "roster.sport", "fields": {"name": "Soccer"}}, {"pk": 1, "model": "roster.team", "fields": {"gender": "M", "school": 1, "sport": 1}}, {"pk": 1, "model": "auth.permission", "fields": {"codename": "add_logentry", "name": "Can add log entry", "content_type": 1}}, {"pk": 2, "model": "auth.permission", "fields": {"codename": "change_logentry", "name": "Can change log entry", "content_type": 1}}, {"pk": 3, "model": "auth.permission", "fields": {"codename": "delete_logentry", "name": "Can delete log entry", "content_type": 1}}, {"pk": 4, "model": "auth.permission", "fields": {"codename": "add_permission", "name": "Can add permission", "content_type": 2}}, {"pk": 5, "model": "auth.permission", "fields": {"codename": "change_permission", "name": "Can change permission", "content_type": 2}}, {"pk": 6, "model": "auth.permission", "fields": {"codename": "delete_permission", "name": "Can delete permission", "content_type": 2}}, {"pk": 7, "model": "auth.permission", "fields": {"codename": "add_group", "name": "Can add group", "content_type": 3}}, {"pk": 8, "model": "auth.permission", "fields": {"codename": "change_group", "name": "Can change group", "content_type": 3}}, {"pk": 9, "model": "auth.permission", "fields": {"codename": "delete_group", "name": "Can delete group", "content_type": 3}}, {"pk": 10, "model": "auth.permission", "fields": {"codename": "add_user", "name": "Can add user", "content_type": 4}}, {"pk": 11, "model": "auth.permission", "fields": {"codename": "change_user", "name": "Can change user", "content_type": 4}}, {"pk": 12, "model": "auth.permission", "fields": {"codename": "delete_user", "name": "Can delete user", "content_type": 4}}, {"pk": 13, "model": "auth.permission", "fields": {"codename": "add_contenttype", "name": "Can add content type", "content_type": 5}}, {"pk": 14, "model": "auth.permission", "fields": {"codename": "change_contenttype", "name": "Can change content type", "content_type": 5}}, {"pk": 15, "model": "auth.permission", "fields": {"codename": "delete_contenttype", "name": "Can delete content type", "content_type": 5}}, {"pk": 16, "model": "auth.permission", "fields": {"codename": "add_session", "name": "Can add session", "content_type": 6}}, {"pk": 17, "model": "auth.permission", "fields": {"codename": "change_session", "name": "Can change session", "content_type": 6}}, {"pk": 18, "model": "auth.permission", "fields": {"codename": "delete_session", "name": "Can delete session", "content_type": 6}}, {"pk": 19, "model": "auth.permission", "fields": {"codename": "add_player", "name": "Can add player", "content_type": 7}}, {"pk": 20, "model": "auth.permission", "fields": {"codename": "change_player", "name": "Can change player", "content_type": 7}}, {"pk": 21, "model": "auth.permission", "fields": {"codename": "delete_player", "name": "Can delete player", "content_type": 7}}, {"pk": 22, "model": "auth.permission", "fields": {"codename": "add_school", "name": "Can add school", "content_type": 8}}, {"pk": 23, "model": "auth.permission", "fields": {"codename": "change_school", "name": "Can change school", "content_type": 8}}, {"pk": 24, "model": "auth.permission", "fields": {"codename": "delete_school", "name": "Can delete school", "content_type": 8}}, {"pk": 25, "model": "auth.permission", "fields": {"codename": "add_student", "name": "Can add student", "content_type": 9}}, {"pk": 26, "model": "auth.permission", "fields": {"codename": "change_student", "name": "Can change student", "content_type": 9}}, {"pk": 27, "model": "auth.permission", "fields": {"codename": "delete_student", "name": "Can delete student", "content_type": 9}}, {"pk": 28, "model": "auth.permission", "fields": {"codename": "add_sport", "name": "Can add sport", "content_type": 10}}, {"pk": 29, "model": "auth.permission", "fields": {"codename": "change_sport", "name": "Can change sport", "content_type": 10}}, {"pk": 30, "model": "auth.permission", "fields": {"codename": "delete_sport", "name": "Can delete sport", "content_type": 10}}, {"pk": 31, "model": "auth.permission", "fields": {"codename": "add_team", "name": "Can add team", "content_type": 11}}, {"pk": 32, "model": "auth.permission", "fields": {"codename": "change_team", "name": "Can change team", "content_type": 11}}, {"pk": 33, "model": "auth.permission", "fields": {"codename": "delete_team", "name": "Can delete team", "content_type": 11}}, {"pk": 1, "model": "auth.user", "fields": {"username": "keitham", "first_name": "", "last_name": "", "is_active": true, "is_superuser": true, "is_staff": true, "last_login": "2014-03-02T19:31:17.819Z", "groups": [], "user_permissions": [], "password": "pbkdf2_sha256$12000$B9yvdFpt650f$CGIn10t3dBy5N0C5u5gzRHhtJDFXMclLk6wMmFjRNBE=", "email": "k@m.com", "date_joined": "2014-03-02T19:31:04.897Z"}}, {"pk": 1, "model": "admin.logentry", "fields": {"action_flag": 1, "action_time": "2014-03-02T19:31:27.132Z", "object_repr": "UNC Chapel Hill", "object_id": "1", "change_message": "", "user": 1, "content_type": 8}}, {"pk": 2, "model": "admin.logentry", "fields": {"action_flag": 1, "action_time": "2014-03-02T19:31:41.386Z", "object_repr": "Baseball", "object_id": "1", "change_message": "", "user": 1, "content_type": 10}}, {"pk": 3, "model": "admin.logentry", "fields": {"action_flag": 1, "action_time": "2014-03-02T19:31:48.705Z", "object_repr": "Basketball", "object_id": "2", "change_message": "", "user": 1, "content_type": 10}}, {"pk": 4, "model": "admin.logentry", "fields": {"action_flag": 1, "action_time": "2014-03-02T19:31:53.050Z", "object_repr": "Soccer", "object_id": "3", "change_message": "", "user": 1, "content_type": 10}}, {"pk": 5, "model": "admin.logentry", "fields": {"action_flag": 1, "action_time": "2014-03-02T19:32:11.413Z", "object_repr": "UNC Chapel Hill - Baseball", "object_id": "1", "change_message": "", "user": 1, "content_type": 11}}, {"pk": 6, "model": "admin.logentry", "fields": {"action_flag": 1, "action_time": "2014-03-02T19:33:29.627Z", "object_repr": "Massardo, Michael", "object_id": "1", "change_message": "", "user": 1, "content_type": 9}}, {"pk": 7, "model": "admin.logentry", "fields": {"action_flag": 1, "action_time": "2014-03-02T19:33:59.602Z", "object_repr": "Pate, Adam", "object_id": "2", "change_message": "", "user": 1, "content_type": 9}}, {"pk": 8, "model": "admin.logentry", "fields": {"action_flag": 1, "action_time": "2014-03-02T19:34:35.572Z", "object_repr": "Whiteford, Brandon", "object_id": "3", "change_message": "", "user": 1, "content_type": 9}}, {"pk": 9, "model": "admin.logentry", "fields": {"action_flag": 1, "action_time": "2014-03-02T19:35:12.598Z", "object_repr": "Myers, Wood", "object_id": "4", "change_message": "", "user": 1, "content_type": 9}}, {"pk": 10, "model": "admin.logentry", "fields": {"action_flag": 1, "action_time": "2014-03-02T19:36:29.588Z", "object_repr": "Russell, Michael", "object_id": "5", "change_message": "", "user": 1, "content_type": 9}}, {"pk": 11, "model": "admin.logentry", "fields": {"action_flag": 1, "action_time": "2014-03-02T19:37:12.861Z", "object_repr": "Raburn, Alex", "object_id": "6", "change_message": "", "user": 1, "content_type": 9}}, {"pk": 12, "model": "admin.logentry", "fields": {"action_flag": 1, "action_time": "2014-03-02T19:40:18.612Z", "object_repr": "Player object", "object_id": "1", "change_message": "", "user": 1, "content_type": 7}}, {"pk": 13, "model": "admin.logentry", "fields": {"action_flag": 1, "action_time": "2014-03-02T19:48:54.645Z", "object_repr": "UNC Chapel Hill Baseball (M): Wood Myers", "object_id": "2", "change_message": "", "user": 1, "content_type": 7}}, {"pk": 14, "model": "admin.logentry", "fields": {"action_flag": 1, "action_time": "2014-03-02T21:30:29.537Z", "object_repr": "Jordan, Parks", "object_id": "7", "change_message": "", "user": 1, "content_type": 9}}, {"pk": 15, "model": "admin.logentry", "fields": {"action_flag": 1, "action_time": "2014-03-02T21:31:09.552Z", "object_repr": "Sisson, Henry", "object_id": "8", "change_message": "", "user": 1, "content_type": 9}}, {"pk": 16, "model": "admin.logentry", "fields": {"action_flag": 1, "action_time": "2014-03-02T21:31:32.612Z", "object_repr": "Lassiter, Landon", "object_id": "9", "change_message": "", "user": 1, "content_type": 9}}, {"pk": 17, "model": "admin.logentry", "fields": {"action_flag": 1, "action_time": "2014-03-02T21:31:58.047Z", "object_repr": "Daly, Zach", "object_id": "10", "change_message": "", "user": 1, "content_type": 9}}, {"pk": 18, "model": "admin.logentry", "fields": {"action_flag": 1, "action_time": "2014-03-02T21:32:18.419Z", "object_repr": "McCue, Chris", "object_id": "11", "change_message": "", "user": 1, "content_type": 9}}, {"pk": 19, "model": "admin.logentry", "fields": {"action_flag": 1, "action_time": "2014-03-02T21:32:39.311Z", "object_repr": "Chacon, Adrian", "object_id": "12", "change_message": "", "user": 1, "content_type": 9}}, {"pk": 20, "model": "admin.logentry", "fields": {"action_flag": 1, "action_time": "2014-03-02T21:33:06.177Z", "object_repr": "Zengel, Tom", "object_id": "13", "change_message": "", "user": 1, "content_type": 9}}, {"pk": 21, "model": "admin.logentry", "fields": {"action_flag": 1, "action_time": "2014-03-02T21:33:26.103Z", "object_repr": "Bolt, Skye", "object_id": "14", "change_message": "", "user": 1, "content_type": 9}}, {"pk": 22, "model": "admin.logentry", "fields": {"action_flag": 1, "action_time": "2014-03-02T21:33:51.345Z", "object_repr": "Rubino, Matt", "object_id": "15", "change_message": "", "user": 1, "content_type": 9}}, {"pk": 23, "model": "admin.logentry", "fields": {"action_flag": 1, "action_time": "2014-03-02T21:34:24.865Z", "object_repr": "Dudek, Joe", "object_id": "16", "change_message": "", "user": 1, "content_type": 9}}, {"pk": 24, "model": "admin.logentry", "fields": {"action_flag": 1, "action_time": "2014-03-02T21:34:56.165Z", "object_repr": "Parrish, Tate", "object_id": "17", "change_message": "", "user": 1, "content_type": 9}}, {"pk": 25, "model": "admin.logentry", "fields": {"action_flag": 1, "action_time": "2014-03-02T21:35:18.071Z", "object_repr": "Hovis, Reilly", "object_id": "18", "change_message": "", "user": 1, "content_type": 9}}, {"pk": 26, "model": "admin.logentry", "fields": {"action_flag": 1, "action_time": "2014-03-02T21:35:43.775Z", "object_repr": "Ramirez, Tyler", "object_id": "19", "change_message": "", "user": 1, "content_type": 9}}, {"pk": 27, "model": "admin.logentry", "fields": {"action_flag": 1, "action_time": "2014-03-02T21:36:05.086Z", "object_repr": "Thornton, Trent", "object_id": "20", "change_message": "", "user": 1, "content_type": 9}}, {"pk": 28, "model": "admin.logentry", "fields": {"action_flag": 1, "action_time": "2014-03-02T21:36:27.927Z", "object_repr": "Barnette, Colby", "object_id": "21", "change_message": "", "user": 1, "content_type": 9}}, {"pk": 29, "model": "admin.logentry", "fields": {"action_flag": 1, "action_time": "2014-03-02T21:37:02.588Z", "object_repr": "Geraghty, Jack", "object_id": "22", "change_message": "", "user": 1, "content_type": 9}}, {"pk": 30, "model": "admin.logentry", "fields": {"action_flag": 1, "action_time": "2014-03-02T21:37:29.413Z", "object_repr": "Smith, Andrew", "object_id": "23", "change_message": "", "user": 1, "content_type": 9}}, {"pk": 31, "model": "admin.logentry", "fields": {"action_flag": 1, "action_time": "2014-03-02T21:37:47.324Z", "object_repr": "Trayner, Spencer", "object_id": "24", "change_message": "", "user": 1, "content_type": 9}}, {"pk": 32, "model": "admin.logentry", "fields": {"action_flag": 1, "action_time": "2014-03-02T21:38:08.297Z", "object_repr": "Gallen, Zac", "object_id": "25", "change_message": "", "user": 1, "content_type": 9}}, {"pk": 33, "model": "admin.logentry", "fields": {"action_flag": 1, "action_time": "2014-03-02T21:38:31.603Z", "object_repr": "Moss, Benton", "object_id": "26", "change_message": "", "user": 1, "content_type": 9}}, {"pk": 34, "model": "admin.logentry", "fields": {"action_flag": 1, "action_time": "2014-03-02T21:39:00.713Z", "object_repr": "Orth, Matt", "object_id": "27", "change_message": "", "user": 1, "content_type": 9}}, {"pk": 35, "model": "admin.logentry", "fields": {"action_flag": 1, "action_time": "2014-03-02T21:39:28.513Z", "object_repr": "Bogucki, AJ", "object_id": "28", "change_message": "", "user": 1, "content_type": 9}}, {"pk": 36, "model": "admin.logentry", "fields": {"action_flag": 1, "action_time": "2014-03-02T21:39:53.198Z", "object_repr": "Dunbar, Korey", "object_id": "29", "change_message": "", "user": 1, "content_type": 9}}, {"pk": 37, "model": "admin.logentry", "fields": {"action_flag": 1, "action_time": "2014-03-02T21:40:09.441Z", "object_repr": "Kelley, Trevor", "object_id": "30", "change_message": "", "user": 1, "content_type": 9}}, {"pk": 38, "model": "admin.logentry", "fields": {"action_flag": 1, "action_time": "2014-03-02T21:40:31.312Z", "object_repr": "Rice, Zach", "object_id": "31", "change_message": "", "user": 1, "content_type": 9}}, {"pk": 39, "model": "admin.logentry", "fields": {"action_flag": 1, "action_time": "2014-03-02T21:40:55.338Z", "object_repr": "Paula, Luis", "object_id": "32", "change_message": "", "user": 1, "content_type": 9}}, {"pk": 40, "model": "admin.logentry", "fields": {"action_flag": 1, "action_time": "2014-03-02T21:41:24.416Z", "object_repr": "Oakley, Chris", "object_id": "33", "change_message": "", "user": 1, "content_type": 9}}, {"pk": 41, "model": "admin.logentry", "fields": {"action_flag": 1, "action_time": "2014-03-02T21:41:47.906Z", "object_repr": "Cherry, Taylore", "object_id": "34", "change_message": "", "user": 1, "content_type": 9}}, {"pk": 42, "model": "admin.logentry", "fields": {"action_flag": 1, "action_time": "2014-03-02T21:44:40.140Z", "object_repr": "UNC Chapel Hill Baseball (M): Adam Pate", "object_id": "3", "change_message": "", "user": 1, "content_type": 7}}, {"pk": 43, "model": "admin.logentry", "fields": {"action_flag": 1, "action_time": "2014-03-02T21:46:00.767Z", "object_repr": "UNC Chapel Hill Baseball (M): Brandon Whiteford", "object_id": "4", "change_message": "", "user": 1, "content_type": 7}}, {"pk": 44, "model": "admin.logentry", "fields": {"action_flag": 1, "action_time": "2014-03-02T21:47:06.578Z", "object_repr": "UNC Chapel Hill Baseball (M): Michael Russell", "object_id": "5", "change_message": "", "user": 1, "content_type": 7}}, {"pk": 45, "model": "admin.logentry", "fields": {"action_flag": 1, "action_time": "2014-03-02T21:48:29.432Z", "object_repr": "UNC Chapel Hill Baseball (M): Alex Raburn", "object_id": "6", "change_message": "", "user": 1, "content_type": 7}}, {"pk": 46, "model": "admin.logentry", "fields": {"action_flag": 1, "action_time": "2014-03-02T21:52:40.854Z", "object_repr": "UNC Chapel Hill Baseball (M): Parks Jordan", "object_id": "7", "change_message": "", "user": 1, "content_type": 7}}, {"pk": 47, "model": "admin.logentry", "fields": {"action_flag": 1, "action_time": "2014-03-02T21:55:26.809Z", "object_repr": "UNC Chapel Hill Baseball (M): Henry Sisson", "object_id": "8", "change_message": "", "user": 1, "content_type": 7}}, {"pk": 48, "model": "admin.logentry", "fields": {"action_flag": 1, "action_time": "2014-03-02T21:56:10.301Z", "object_repr": "UNC Chapel Hill Baseball (M): Landon Lassiter", "object_id": "9", "change_message": "", "user": 1, "content_type": 7}}, {"pk": 49, "model": "admin.logentry", "fields": {"action_flag": 1, "action_time": "2014-03-02T21:57:24.786Z", "object_repr": "UNC Chapel Hill Baseball (M): Zach Daly", "object_id": "10", "change_message": "", "user": 1, "content_type": 7}}, {"pk": 50, "model": "admin.logentry", "fields": {"action_flag": 1, "action_time": "2014-03-02T22:00:41.497Z", "object_repr": "UNC Chapel Hill Baseball (M): Chris McCue", "object_id": "11", "change_message": "", "user": 1, "content_type": 7}}, {"pk": 51, "model": "admin.logentry", "fields": {"action_flag": 1, "action_time": "2014-03-02T22:02:16.946Z", "object_repr": "UNC Chapel Hill Baseball (M): Adrian Chacon", "object_id": "12", "change_message": "", "user": 1, "content_type": 7}}, {"pk": 52, "model": "admin.logentry", "fields": {"action_flag": 1, "action_time": "2014-03-02T22:03:00.543Z", "object_repr": "UNC Chapel Hill Baseball (M): Tom Zengel", "object_id": "13", "change_message": "", "user": 1, "content_type": 7}}, {"pk": 53, "model": "admin.logentry", "fields": {"action_flag": 1, "action_time": "2014-03-02T22:03:54.649Z", "object_repr": "UNC Chapel Hill Baseball (M): Skye Bolt", "object_id": "14", "change_message": "", "user": 1, "content_type": 7}}, {"pk": 54, "model": "admin.logentry", "fields": {"action_flag": 1, "action_time": "2014-03-02T22:04:50.532Z", "object_repr": "UNC Chapel Hill Baseball (M): Matt Rubino", "object_id": "15", "change_message": "", "user": 1, "content_type": 7}}, {"pk": 55, "model": "admin.logentry", "fields": {"action_flag": 1, "action_time": "2014-03-02T22:05:35.949Z", "object_repr": "UNC Chapel Hill Baseball (M): Joe Dudek", "object_id": "16", "change_message": "", "user": 1, "content_type": 7}}, {"pk": 56, "model": "admin.logentry", "fields": {"action_flag": 1, "action_time": "2014-03-02T22:06:28.243Z", "object_repr": "UNC Chapel Hill Baseball (M): Tate Parrish", "object_id": "17", "change_message": "", "user": 1, "content_type": 7}}, {"pk": 57, "model": "admin.logentry", "fields": {"action_flag": 1, "action_time": "2014-03-02T22:07:16.756Z", "object_repr": "UNC Chapel Hill Baseball (M): Reilly Hovis", "object_id": "18", "change_message": "", "user": 1, "content_type": 7}}, {"pk": 58, "model": "admin.logentry", "fields": {"action_flag": 1, "action_time": "2014-03-02T22:08:03.674Z", "object_repr": "UNC Chapel Hill Baseball (M): Tyler Ramirez", "object_id": "19", "change_message": "", "user": 1, "content_type": 7}}, {"pk": 59, "model": "admin.logentry", "fields": {"action_flag": 1, "action_time": "2014-03-02T22:08:48.661Z", "object_repr": "UNC Chapel Hill Baseball (M): Trent Thornton", "object_id": "20", "change_message": "", "user": 1, "content_type": 7}}, {"pk": 60, "model": "admin.logentry", "fields": {"action_flag": 1, "action_time": "2014-03-02T22:09:27.276Z", "object_repr": "UNC Chapel Hill Baseball (M): Colby Barnette", "object_id": "21", "change_message": "", "user": 1, "content_type": 7}}, {"pk": 61, "model": "admin.logentry", "fields": {"action_flag": 1, "action_time": "2014-03-02T22:10:01.557Z", "object_repr": "UNC Chapel Hill Baseball (M): Jack Geraghty", "object_id": "22", "change_message": "", "user": 1, "content_type": 7}}, {"pk": 62, "model": "admin.logentry", "fields": {"action_flag": 1, "action_time": "2014-03-02T22:11:18.549Z", "object_repr": "UNC Chapel Hill Baseball (M): Andrew Smith", "object_id": "23", "change_message": "", "user": 1, "content_type": 7}}, {"pk": 63, "model": "admin.logentry", "fields": {"action_flag": 1, "action_time": "2014-03-02T22:11:53.031Z", "object_repr": "UNC Chapel Hill Baseball (M): Spencer Trayner", "object_id": "24", "change_message": "", "user": 1, "content_type": 7}}, {"pk": 64, "model": "admin.logentry", "fields": {"action_flag": 1, "action_time": "2014-03-02T22:12:20.468Z", "object_repr": "UNC Chapel Hill Baseball (M): Zac Gallen", "object_id": "25", "change_message": "", "user": 1, "content_type": 7}}, {"pk": 65, "model": "admin.logentry", "fields": {"action_flag": 1, "action_time": "2014-03-02T22:12:52.069Z", "object_repr": "UNC Chapel Hill Baseball (M): Benton Moss", "object_id": "26", "change_message": "", "user": 1, "content_type": 7}}, {"pk": 66, "model": "admin.logentry", "fields": {"action_flag": 1, "action_time": "2014-03-02T22:13:29.213Z", "object_repr": "UNC Chapel Hill Baseball (M): Matt Orth", "object_id": "27", "change_message": "", "user": 1, "content_type": 7}}, {"pk": 67, "model": "admin.logentry", "fields": {"action_flag": 1, "action_time": "2014-03-02T22:13:59.039Z", "object_repr": "UNC Chapel Hill Baseball (M): AJ Bogucki", "object_id": "28", "change_message": "", "user": 1, "content_type": 7}}, {"pk": 68, "model": "admin.logentry", "fields": {"action_flag": 1, "action_time": "2014-03-02T22:14:27.792Z", "object_repr": "UNC Chapel Hill Baseball (M): Korey Dunbar", "object_id": "29", "change_message": "", "user": 1, "content_type": 7}}, {"pk": 69, "model": "admin.logentry", "fields": {"action_flag": 1, "action_time": "2014-03-02T22:15:01.633Z", "object_repr": "UNC Chapel Hill Baseball (M): Trevor Kelley", "object_id": "30", "change_message": "", "user": 1, "content_type": 7}}, {"pk": 70, "model": "admin.logentry", "fields": {"action_flag": 1, "action_time": "2014-03-02T22:15:35.453Z", "object_repr": "UNC Chapel Hill Baseball (M): Zach Rice", "object_id": "31", "change_message": "", "user": 1, "content_type": 7}}, {"pk": 71, "model": "admin.logentry", "fields": {"action_flag": 1, "action_time": "2014-03-02T22:16:15.049Z", "object_repr": "UNC Chapel Hill Baseball (M): Luis Paula", "object_id": "32", "change_message": "", "user": 1, "content_type": 7}}, {"pk": 72, "model": "admin.logentry", "fields": {"action_flag": 1, "action_time": "2014-03-02T22:17:23.891Z", "object_repr": "UNC Chapel Hill Baseball (M): Chris Oakley", "object_id": "33", "change_message": "", "user": 1, "content_type": 7}}, {"pk": 73, "model": "admin.logentry", "fields": {"action_flag": 1, "action_time": "2014-03-02T22:17:59.054Z", "object_repr": "UNC Chapel Hill Baseball (M): Taylore Cherry", "object_id": "34", "change_message": "", "user": 1, "content_type": 7}}]